{
  "hash": "ecf2a71a",
  "configHash": "518bbd97",
  "lockfileHash": "edde483a",
  "browserHash": "1eaa62cf",
  "optimized": {
    "@angular/common": {
      "src": "../../../../../../node_modules/@angular/common/fesm2022/common.mjs",
      "file": "@angular_common.js",
      "fileHash": "8b34265c",
      "needsInterop": false
    },
    "@angular/common/http": {
      "src": "../../../../../../node_modules/@angular/common/fesm2022/http.mjs",
      "file": "@angular_common_http.js",
      "fileHash": "ff71518d",
      "needsInterop": false
    },
    "@angular/core": {
      "src": "../../../../../../node_modules/@angular/core/fesm2022/core.mjs",
      "file": "@angular_core.js",
      "fileHash": "43586bc9",
      "needsInterop": false
    },
    "@angular/platform-browser": {
      "src": "../../../../../../node_modules/@angular/platform-browser/fesm2022/platform-browser.mjs",
      "file": "@angular_platform-browser.js",
      "fileHash": "8b2168c7",
      "needsInterop": false
    },
    "@angular/router": {
      "src": "../../../../../../node_modules/@angular/router/fesm2022/router.mjs",
      "file": "@angular_router.js",
      "fileHash": "d2f556a8",
      "needsInterop": false
    },
    "angular-oauth2-oidc": {
      "src": "../../../../../../node_modules/angular-oauth2-oidc/fesm2022/angular-oauth2-oidc.mjs",
      "file": "angular-oauth2-oidc.js",
      "fileHash": "207cdfcc",
      "needsInterop": false
    },
    "@azure/msal-browser": {
      "src": "../../../../../../node_modules/@azure/msal-browser/dist/index.mjs",
      "file": "@azure_msal-browser.js",
      "fileHash": "296a4392",
      "needsInterop": false
    },
    "@azure/msal-angular": {
      "src": "../../../../../../node_modules/@azure/msal-angular/fesm2020/azure-msal-angular.mjs",
      "file": "@azure_msal-angular.js",
      "fileHash": "e37a7ac6",
      "needsInterop": false
    }
  },
  "chunks": {
    "BrowserPerformanceMeasurement-L4IZRQ73": {
      "file": "BrowserPerformanceMeasurement-L4IZRQ73.js"
    },
    "chunk-ACOUSU45": {
      "file": "chunk-ACOUSU45.js"
    },
    "chunk-RVG3OZL4": {
      "file": "chunk-RVG3OZL4.js"
    },
    "chunk-WK4D357B": {
      "file": "chunk-WK4D357B.js"
    },
    "chunk-2U25LZ72": {
      "file": "chunk-2U25LZ72.js"
    },
    "chunk-NOLFJHMY": {
      "file": "chunk-NOLFJHMY.js"
    },
    "chunk-XOUFJCII": {
      "file": "chunk-XOUFJCII.js"
    },
    "chunk-BSPJFD6T": {
      "file": "chunk-BSPJFD6T.js"
    },
    "chunk-35ENWJA4": {
      "file": "chunk-35ENWJA4.js"
    }
  }
}